0.5,30,40,4,10,0.373497167,0.195769519,0.308031931,0.146619533,0.199096697,0.158315873,0.432739716,0.302020202
0.2,31,41,13,16,0.326394259,0.182401308,0.252786326,0.08612711,0.160651312,0.144344709,0.375820099,0.253352236
0.3,23,41,3,12,0.344224804,0.315448884,0.300043708,0.303812445,0.276992723,0.307421742,0.353816777,0.445798652
0.1,31,40,2,13,0.319852971,0.230996079,0.256462045,0.169416721,0.196390764,0.206584358,0.359933963,0.401261977
0.4,32,42,5,15,0.262378621,0.1652576,0.182654803,0.075299143,0.121097741,0.140890438,0.295252883,0.283452672
0.3,32,51,16,2,0.19120059,0.14808757,0.13104179,0.052555702,0.08170679,0.137023021,0.205571596,0.28086708
0.5,31,43,4,14,0.273627015,0.211217875,0.192675061,0.135226153,0.149132744,0.196382312,0.297404009,0.289455782
0.6,39,57,4,2,0.223823824,0.179630392,0.182265144,0.14974805,0.137538629,0.172674799,0.239787025,0.419924435
0.4,28,43,19,8,0.285724568,0.180756229,0.206399785,0.061652181,0.135727663,0.148211733,0.320714015,0.238009304
0.2,29,48,5,17,0.32782407,0.261276261,0.262905773,0.247880686,0.226217733,0.256068646,0.350427874,0.432064718
0.6,27,43,18,16,0.251416111,0.158176048,0.172180327,0.088445494,0.110308652,0.13274743,0.282496132,0.254411455
0.9,30,49,12,2,0.216280804,0.173073745,0.140078079,0.108794617,0.104294215,0.161413662,0.230683157,0.272402412
0.7,33,46,21,13,0.223567167,0.144406222,0.144934393,0.067458419,0.090246897,0.122410976,0.249954149,0.234493842
0.9,23,52,21,13,0.226739603,0.189066793,0.163329018,0.089427604,0.120183495,0.189504877,0.244868003,0.320954325
0.8,30,48,4,4,0.1841797,0.20227445,0.131426705,0.150532769,0.12946873,0.210108857,0.180852991,0.346385658
0.4,22,52,14,2,0.156225438,0.175172375,0.143039769,0.14385612,0.122397577,0.184825971,0.154947627,0.345022649
0.8,31,48,14,1,0.208503044,0.152337142,0.137209028,0.100682562,0.097657334,0.143331779,0.228023808,0.290334498
0.4,29,56,17,1,0.214022116,0.166539716,0.126059088,0.108411384,0.103035181,0.152564821,0.229849582,0.309051979
0.3,28,55,7,8,0.195767121,0.176904784,0.140317399,0.139495293,0.121778454,0.178619066,0.213269657,0.402729758
0.7,27,56,23,2,0.190652626,0.170804411,0.135575141,0.106320826,0.117917206,0.166540067,0.201088692,0.294709724
0.8,35,53,24,4,0.166345978,0.1520208,0.116803196,0.095930065,0.086879253,0.154996358,0.17473165,0.326756804
0.3,24,40,22,5,0.316728589,0.189976844,0.239896425,0.089384934,0.160543446,0.15759966,0.35897917,0.214104061
0.8,24,48,11,6,0.231428391,0.190184797,0.160018173,0.109061823,0.119418541,0.179046422,0.245176256,0.343312949
0.4,24,44,14,8,0.223676534,0.160774118,0.161572249,0.118273682,0.122134287,0.149148174,0.249354582,0.305491558
0.3,27,51,3,17,0.298199267,0.330832654,0.259992104,0.318490769,0.259868604,0.34171045,0.287321471,0.499948734
0.2,24,56,17,19,0.205592768,0.170219549,0.12409019,0.075065101,0.091132676,0.161993843,0.217383841,0.318747956
0.9,29,43,13,5,0.228893993,0.147537408,0.149538408,0.072407766,0.10325208,0.131897987,0.256872298,0.258109928
0.6,38,57,19,14,0.268118313,0.188832149,0.182380185,0.099881117,0.13538355,0.162403428,0.294547034,0.320116673
0.6,35,57,16,3,0.212337682,0.150290182,0.132091196,0.084433711,0.088779349,0.139681242,0.236289372,0.329124457
0.1,39,47,6,1,0.20415495,0.153298628,0.132666692,0.073260096,0.086024731,0.141434389,0.221305937,0.283103987
0.3,24,59,6,13,0.226618287,0.221302737,0.20333671,0.212145205,0.193100409,0.219884113,0.231598507,0.386248269
0.5,32,56,13,11,0.285120847,0.224491544,0.203390666,0.166407309,0.165575518,0.207667119,0.305330615,0.427744914
0.1,29,45,7,10,0.253404077,0.208287438,0.202225924,0.169618822,0.180600882,0.197221956,0.276518968,0.269566703
0.7,29,45,7,5,0.200575478,0.16267632,0.12488095,0.081539957,0.095981863,0.151109749,0.213468386,0.270261726
0.8,21,50,12,3,0.170383706,0.165365902,0.127438613,0.139444571,0.121024521,0.168399741,0.175264008,0.272954072
0.4,30,57,7,1,0.224213304,0.220448957,0.167436327,0.232388536,0.18340896,0.22538296,0.228634216,0.446730233
0.5,38,45,13,10,0.230730369,0.16004464,0.153521077,0.072606831,0.098586466,0.144837158,0.255008732,0.287332239
0.4,37,49,1,7,0.268381771,0.282239678,0.205960616,0.199714116,0.200867861,0.28685898,0.263762469,0.539557882
0.9,23,47,27,3,0.215425317,0.156893128,0.148245126,0.064463314,0.096676652,0.14634222,0.23739627,0.247926913
0.4,28,42,27,15,0.290298996,0.17188167,0.213204731,0.075740925,0.137366559,0.140801038,0.330130628,0.243814901
0.3,26,41,16,2,0.299343382,0.178624531,0.223301099,0.082263703,0.144574524,0.145654868,0.341625231,0.241724602
0.6,27,44,25,15,0.264136659,0.168841836,0.189840995,0.094033349,0.14049335,0.142700944,0.29726758,0.225747988
0.1,27,52,21,1,0.19152134,0.160461834,0.132585326,0.074917816,0.099745806,0.152443099,0.201874509,0.305085962
0.7,35,50,13,17,0.221023577,0.175083819,0.15689802,0.094742267,0.110587228,0.165871387,0.2407414,0.327950221
0.1,21,49,19,4,0.252855588,0.205117272,0.185038171,0.114758816,0.137871417,0.201624866,0.275034421,0.335060743
0.7,27,55,9,2,0.14948676,0.145430717,0.119495131,0.099459829,0.108223509,0.144331291,0.15161802,0.315051262
0.1,24,59,10,8,0.187864642,0.209590253,0.17008471,0.175776314,0.172895288,0.216832123,0.180622771,0.396887932
0.1,26,46,7,5,0.226678048,0.184337137,0.155758649,0.133729634,0.142637725,0.18084391,0.248543772,0.301106644
0.2,36,51,21,16,0.194629239,0.157820046,0.130943195,0.042737641,0.085102416,0.145550314,0.20689897,0.271061396
0.6,34,45,1,8,0.18061226,0.150632213,0.130895953,0.139341975,0.112795807,0.140638864,0.196760131,0.289594843
0.5,34,54,24,11,0.190409213,0.142724015,0.127222444,0.047893029,0.076557711,0.126828949,0.206304279,0.296070435
0.6,21,54,11,4,0.274655923,0.230656218,0.218990464,0.119168355,0.159973468,0.219871541,0.289322492,0.339232438
0.4,26,50,4,9,0.229622408,0.242338258,0.215196546,0.291778957,0.214796669,0.247499832,0.225383792,0.438916528
0.9,20,45,13,17,0.253920777,0.195070069,0.194440137,0.154840464,0.159425933,0.184893624,0.283250704,0.287102518
0.6,21,46,1,4,0.348212139,0.307668135,0.302110104,0.25561315,0.272991573,0.298591896,0.367177167,0.404040404
0.4,24,44,2,7,0.349212023,0.38392235,0.322242454,0.401580085,0.350903575,0.39708125,0.344137552,0.454109488
0.4,36,56,2,14,0.243993852,0.273617059,0.223576457,0.286110064,0.216144196,0.289912157,0.247006971,0.470109328
0.2,21,41,2,9,0.32614359,0.197216909,0.272867543,0.160362682,0.198791507,0.187850628,0.377580709,0.267563528
0.6,25,51,6,16,0.226584798,0.210361124,0.179808283,0.146445105,0.151255802,0.208246999,0.238367683,0.373650108
0.3,23,48,23,16,0.177595007,0.138605635,0.114210018,0.06461909,0.081082626,0.130428177,0.190591464,0.237728075
0.7,37,55,6,7,0.117251161,0.140212195,0.089706435,0.111088006,0.093979306,0.148092587,0.111347544,0.320077496
0.7,36,53,16,5,0.204282981,0.169296002,0.14776663,0.052729453,0.095805125,0.16274092,0.216455746,0.273390504
0.3,37,42,12,1,0.31757048,0.185215378,0.242672033,0.081743858,0.158512472,0.141097011,0.361688847,0.211389249
0.8,24,52,10,8,0.150908998,0.156084812,0.114438584,0.108778004,0.105136923,0.157914966,0.15438251,0.317625487
0.7,38,43,10,4,0.228566767,0.152493447,0.149829357,0.070544759,0.093228178,0.133198283,0.257168654,0.232807689
0.1,21,52,1,1,0.309338672,0.303788131,0.241001158,0.288891396,0.223739843,0.314629578,0.338004587,0.356460533
0.4,23,43,5,11,0.273363259,0.235151507,0.228696072,0.255202953,0.21611081,0.228018869,0.28610051,0.360879365
0.6,34,40,18,2,0.392171808,0.187914744,0.328181872,0.10730967,0.207138889,0.143656147,0.460257496,0.226968387
0.3,33,53,22,10,0.172214082,0.156505508,0.111944301,0.053918687,0.073075149,0.151269317,0.177450274,0.285213269
0.2,38,43,6,2,0.238854653,0.181094313,0.163308802,0.102148579,0.122024338,0.162701976,0.265163008,0.249401762
0.5,30,42,7,14,0.283171579,0.192129298,0.216839255,0.171100626,0.169785152,0.178315456,0.326080415,0.308850984
0.3,26,42,25,13,0.294628916,0.181317556,0.221876574,0.084675615,0.149987613,0.154263772,0.33239937,0.249566389
0.6,29,56,12,12,0.266611031,0.201689319,0.158664533,0.1044902,0.12996601,0.191493581,0.289167584,0.357135552
0.6,23,42,25,11,0.276558646,0.168913293,0.202109054,0.063549665,0.13120695,0.133031509,0.31244043,0.203270758
0.7,28,40,2,4,0.350911095,0.212010098,0.291217215,0.206644901,0.210248756,0.191583126,0.406348617,0.322262047
0.1,20,54,21,6,0.15918554,0.14648985,0.104095434,0.075476149,0.073251367,0.143024878,0.168095177,0.33438763
0.6,38,43,23,6,0.259719945,0.163699387,0.180948138,0.067908791,0.116135225,0.131692534,0.291726798,0.215090762
0.1,34,56,5,19,0.313748026,0.23264541,0.240099151,0.157978727,0.185621858,0.205611205,0.340782232,0.34311379
0.6,24,52,4,15,0.228471683,0.21609398,0.190914566,0.200118257,0.171645752,0.215411337,0.232597584,0.362520369
0.4,23,46,18,5,0.230480977,0.167661759,0.158747114,0.104567499,0.119296489,0.150015914,0.255372923,0.262626263
0.2,31,53,20,15,0.212549331,0.179415904,0.152346293,0.070493011,0.106057137,0.168371428,0.223593806,0.301009738
0.2,25,45,2,16,0.311655914,0.331753707,0.298218066,0.351943827,0.302900277,0.340170089,0.316790646,0.458281956
0.3,24,43,12,17,0.267293014,0.177182281,0.19682205,0.115636833,0.152049679,0.147884697,0.297329925,0.237787383
0.5,31,54,24,14,0.212878047,0.165343462,0.152442419,0.067968066,0.099424598,0.153066631,0.228722908,0.3205074
0.7,28,59,17,2,0.179025684,0.164089079,0.0972399,0.046818286,0.065728667,0.15911021,0.184004552,0.302057141
0.1,22,47,18,2,0.216583947,0.162984995,0.14711665,0.066018521,0.101358962,0.153325806,0.238750051,0.250887091
0.3,28,59,24,11,0.211468726,0.169275144,0.120511376,0.06863743,0.077924085,0.159306223,0.226546339,0.334918916
0.7,35,53,27,11,0.184713763,0.139165955,0.127240873,0.072333056,0.078742846,0.128092117,0.200485627,0.3050255
0.6,38,53,8,4,0.171435251,0.145438467,0.105140435,0.060990627,0.074985099,0.137058524,0.180100846,0.306962208
0.8,24,47,1,8,0.265709807,0.267473831,0.234647692,0.237212609,0.223627355,0.279537241,0.273430196,0.26459758
0.4,36,44,23,0,0.233865496,0.154110912,0.153116128,0.064149279,0.098929252,0.14031985,0.261375862,0.242259802
0.5,21,48,13,10,0.168110207,0.140047159,0.115097903,0.064975361,0.086247095,0.130692809,0.177464557,0.242418923
0.7,24,57,10,15,0.190438506,0.168744048,0.124456463,0.095494262,0.101110269,0.163379935,0.200522584,0.313162068
0.3,33,49,3,6,0.23547978,0.256234488,0.1867016,0.255962477,0.200588127,0.267975219,0.235367148,0.426763475
0.6,28,40,16,13,0.319321148,0.187954799,0.246746956,0.09417232,0.165375538,0.144166016,0.363109931,0.203321846
0.3,21,55,7,5,0.174392007,0.184134524,0.165000723,0.213318112,0.170009677,0.188676299,0.177780434,0.340221289
0.9,22,42,11,12,0.275920927,0.171472289,0.204087373,0.088881181,0.13873087,0.145283543,0.313058518,0.313732384
0.5,25,53,1,6,0.43266745,0.563050797,0.427590772,0.705325638,0.511240997,0.613351109,0.41953985,0.701015965
0.7,23,54,9,9,0.234341123,0.238673996,0.184468128,0.125192558,0.149914296,0.240118287,0.236597985,0.347596382
0.4,31,50,17,3,0.191286315,0.167651407,0.137858948,0.088899243,0.110622242,0.159773104,0.199164618,0.305984453
0.6,32,45,4,19,0.269622915,0.200272376,0.203585339,0.160090965,0.165090409,0.191418083,0.312750256,0.32033931
0.4,36,43,16,14,0.266971639,0.173376443,0.188385748,0.071033583,0.127315831,0.147545522,0.300491856,0.261304282
0.7,33,45,13,19,0.22905049,0.172221093,0.15829682,0.121021402,0.123471366,0.161550235,0.249451037,0.28784939
0.9,28,40,3,4,0.349338942,0.222185003,0.298023321,0.215197098,0.218850069,0.206626249,0.407311386,0.294156163
0.9,20,52,16,16,0.135695347,0.13107655,0.108500382,0.078586279,0.080695413,0.130136065,0.140635166,0.295296124
0.4,28,56,25,9,0.210549046,0.162429824,0.138392247,0.107064276,0.108156269,0.155375138,0.226682505,0.274967312
0.9,29,50,5,3,0.217761181,0.208004182,0.160880928,0.138712439,0.145776799,0.209086803,0.224032484,0.338976219
0.3,39,48,10,5,0.170187575,0.153796168,0.101969424,0.062812006,0.071740565,0.151417997,0.175801426,0.269526501
0.3,32,52,17,18,0.204619372,0.167601229,0.130244804,0.080437629,0.093790113,0.155261848,0.216958753,0.310391546
0.2,28,58,21,4,0.181126119,0.165074334,0.129442187,0.093744236,0.102236702,0.159723739,0.186476714,0.339393939
0.1,20,58,7,9,0.18573104,0.213588309,0.189333878,0.24333356,0.19079681,0.224437485,0.18190565,0.409229896
0.4,34,41,19,16,0.359603463,0.195872953,0.291081391,0.092948004,0.193044689,0.142003834,0.4141803,0.224406186
0.8,33,47,7,0,0.215811293,0.177230671,0.136329024,0.083689943,0.100642702,0.166975552,0.2286715,0.266335334
0.7,32,42,7,7,0.304822827,0.192204333,0.236627392,0.131136948,0.173875272,0.161534635,0.350908817,0.277040816
0.7,37,59,21,2,0.284037368,0.178962784,0.203341014,0.082150439,0.128609476,0.147814443,0.31906223,0.336013683
0.3,34,49,7,18,0.151492445,0.139730766,0.101351636,0.095743704,0.088767494,0.136205107,0.15953987,0.26584542
0.8,24,44,11,16,0.293307316,0.213583826,0.210649987,0.105405847,0.159666526,0.194736641,0.329639337,0.318723963
0.5,30,47,11,8,0.163850753,0.135147803,0.102824256,0.065524559,0.082234924,0.127082275,0.175612818,0.249030803
0.5,33,49,22,5,0.164149976,0.131682226,0.091012057,0.053276523,0.062487219,0.125769385,0.177133896,0.267504947
0.7,30,49,14,18,0.192544778,0.16136274,0.131440084,0.088927368,0.100158412,0.153191042,0.20293879,0.313418014
0.3,37,40,23,11,0.434094901,0.202363319,0.371798645,0.092405364,0.235115788,0.125119458,0.511338761,0.174611638
0.9,22,43,25,3,0.289436903,0.180913869,0.212663853,0.082850787,0.137618992,0.150632257,0.325611247,0.256280803
0.8,37,54,6,3,0.187078478,0.19095147,0.162699493,0.200374212,0.162621607,0.193617139,0.18837894,0.367652316
0.7,30,41,20,14,0.342777167,0.186713828,0.270223301,0.073691791,0.172385018,0.141055356,0.39479828,0.211072478
0.9,23,41,27,18,0.283838613,0.162721215,0.206945741,0.070375604,0.127234698,0.132682653,0.326738238,0.209842121
0.6,33,48,8,14,0.212132684,0.172617098,0.141531313,0.08485991,0.105082608,0.160066696,0.225304547,0.260530746
0.1,31,41,28,3,0.344775929,0.193387746,0.271456027,0.095605129,0.17682419,0.155876614,0.395238657,0.231866684
0.5,21,54,10,18,0.214401818,0.197396451,0.151145312,0.131592626,0.133648259,0.193722377,0.224900411,0.395199707
0.1,31,53,29,4,0.164566195,0.153119706,0.108750836,0.067529436,0.077879446,0.14930421,0.171338159,0.299044053
0.5,26,53,22,12,0.145321612,0.132852555,0.086138318,0.07097968,0.064778687,0.134660567,0.151990083,0.273907333
0.3,29,41,7,8,0.360310172,0.20671794,0.289629829,0.123075013,0.190163237,0.194078724,0.415355487,0.296642686
0.6,26,43,4,2,0.300342611,0.263164786,0.259823068,0.247856511,0.249603515,0.258464528,0.318628196,0.286205984
0.6,36,46,21,13,0.224886513,0.154935602,0.148142371,0.056078925,0.094230831,0.135815373,0.250312522,0.24988592
0.5,24,49,15,19,0.225324694,0.183572649,0.180541735,0.10813973,0.143127079,0.169655301,0.239242043,0.278093996
0.9,33,40,26,18,0.361266858,0.183477097,0.292925815,0.075631017,0.186455494,0.129612077,0.420530112,0.198945933
0.7,26,51,21,15,0.198606377,0.173045388,0.137694873,0.082510394,0.102679988,0.164525058,0.207126706,0.298044435
0.5,31,48,22,0,0.21233803,0.183294069,0.137730497,0.065254165,0.101401066,0.173612749,0.222019351,0.262154536
0.2,33,42,6,6,0.328747994,0.211269116,0.247934572,0.096629957,0.163302916,0.183405343,0.372367722,0.264311594
0.8,34,46,22,1,0.195096898,0.145865235,0.114843617,0.033085863,0.073954595,0.129454681,0.211507453,0.229350703
0.9,27,54,7,13,0.264399875,0.227480258,0.206615286,0.155752524,0.161459133,0.225516395,0.276706415,0.37835452
0.4,23,53,28,7,0.17275301,0.138326667,0.116202259,0.073413389,0.071584577,0.135937239,0.184228458,0.298897683
0.1,29,53,8,7,0.196539801,0.163973871,0.127989681,0.083597228,0.095049441,0.159116203,0.207969816,0.34843703
0.2,20,43,27,4,0.263004278,0.177167196,0.192110148,0.096373412,0.126706147,0.1542029,0.294407185,0.269946607
0.3,39,58,28,5,0.3249405,0.206491758,0.232617259,0.069813167,0.155604809,0.167008844,0.364423414,0.329648471
0.9,21,40,6,8,0.26974354,0.197939127,0.226789195,0.157613702,0.185852027,0.186809408,0.304894456,0.270510682
0.9,38,44,14,11,0.235741553,0.172429772,0.157170045,0.067303782,0.105134794,0.151325845,0.25684548,0.256739468
0.2,27,56,20,19,0.192741608,0.145808987,0.110902362,0.043578561,0.069406366,0.133200458,0.208802124,0.278217693
0.9,22,53,11,17,0.204220486,0.198715852,0.152829781,0.139246081,0.128031491,0.2007651,0.210370199,0.34761717
0.9,22,54,16,7,0.197149061,0.179269268,0.141711125,0.080130307,0.105110545,0.17474077,0.204862418,0.350630887
0.4,20,52,27,4,0.195645401,0.154316794,0.141185691,0.076596195,0.087465953,0.148452941,0.211654981,0.279927734
0.3,35,59,13,3,0.277615578,0.187917472,0.173253238,0.093297753,0.127907795,0.159561175,0.307514947,0.364932044
0.1,25,48,27,17,0.191109104,0.145145551,0.125286505,0.076085528,0.092929348,0.134595709,0.206446739,0.260151102
0.2,31,46,8,16,0.205147114,0.153157202,0.131480325,0.070701593,0.090710741,0.137774246,0.223472067,0.288003059
0.9,34,59,10,3,0.254315406,0.18244561,0.164773425,0.114819706,0.128304734,0.16838219,0.278272004,0.369278425
0.3,35,57,29,19,0.263681142,0.18475008,0.16675931,0.060347587,0.110954835,0.158439725,0.289991497,0.315263812
0.7,39,45,20,13,0.192241028,0.138639758,0.115724359,0.050064684,0.072063547,0.125053793,0.210108118,0.236931322
0.3,26,58,2,9,0.32405938,0.328393399,0.264555302,0.233233165,0.245014388,0.329838072,0.322614707,0.469169511
0.3,38,43,13,5,0.242132511,0.179737515,0.168398303,0.102207905,0.129471928,0.160574704,0.267102516,0.256604473
0.6,29,56,24,4,0.220373422,0.163327538,0.122892638,0.085770096,0.082070877,0.148780148,0.240434261,0.311260539
0.8,33,42,3,13,0.296509648,0.167109414,0.226393217,0.113866915,0.142441973,0.14692477,0.343657479,0.278357473
0.4,24,58,11,16,0.258427533,0.2261492,0.194666,0.130427488,0.15660319,0.215389756,0.269186978,0.359772244
0.4,28,58,28,7,0.221079314,0.182606036,0.135222759,0.056566167,0.094480783,0.169781609,0.23390374,0.362305251
0.9,32,57,21,0,0.261724356,0.189869133,0.175012678,0.118583032,0.128804208,0.168228318,0.285676097,0.335179659
0.4,35,57,19,12,0.269493034,0.175142444,0.176720849,0.061255844,0.113509903,0.143692247,0.30094323,0.31634496
0.4,25,50,25,1,0.199401485,0.167127357,0.127700194,0.075345142,0.09448624,0.163066899,0.211984267,0.275953445
0.6,20,41,10,12,0.316297803,0.196268217,0.246548762,0.11764266,0.169494796,0.166610094,0.357584536,0.21411932
0.3,21,52,15,9,0.176508302,0.174309628,0.137051681,0.149659765,0.131613168,0.173576737,0.179254629,0.28533085
0.2,31,51,17,8,0.210195817,0.157989972,0.140805266,0.096405937,0.09578699,0.14510486,0.227597766,0.306532304
0.3,30,59,23,13,0.264163935,0.202381367,0.171503348,0.082244611,0.124886089,0.181787178,0.284758124,0.333372635
0.1,35,55,1,14,0.371153927,0.360949334,0.345963802,0.369799109,0.327944035,0.357547803,0.380340109,0.543238628
0.5,26,54,7,12,0.176797145,0.179907824,0.138681177,0.144242698,0.131940204,0.187185391,0.177573122,0.342456637
0.4,27,50,15,9,0.183778484,0.167983303,0.121468712,0.079714627,0.093358526,0.166132899,0.193501117,0.312550763
0.9,26,51,16,8,0.204913759,0.182267634,0.143900592,0.084933217,0.119918293,0.17648582,0.21373013,0.269778941
0.8,25,58,2,7,0.345370743,0.355255113,0.297544508,0.332338191,0.2962377,0.366202357,0.348268361,0.510174717
0.6,31,53,11,8,0.159723139,0.151332089,0.113013631,0.120757686,0.094464389,0.148574257,0.165116276,0.28768043
0.5,25,40,28,17,0.307981134,0.176787125,0.236379726,0.081830384,0.153102144,0.133055789,0.35171247,0.201922341
0.2,39,51,22,3,0.114514495,0.136470793,0.051576516,0.037355518,0.04202885,0.143789559,0.107195729,0.269099626
0.9,27,58,12,3,0.274920786,0.228220832,0.188533852,0.156521014,0.165477196,0.217919187,0.290816578,0.352670864
0.1,22,42,16,9,0.258418803,0.157711435,0.183855886,0.075168117,0.12145943,0.133308246,0.291987925,0.215286721
0.8,24,49,10,15,0.232109394,0.182912962,0.171001045,0.108872448,0.131337564,0.166514151,0.248508205,0.274671959
0.1,37,50,7,13,0.150126201,0.173028865,0.107139677,0.10533882,0.099717724,0.180663086,0.144981523,0.297600918
0.8,28,43,1,7,0.284510049,0.2899527,0.262176394,0.316216467,0.279159616,0.295770608,0.295585921,0.399969007
0.6,35,40,2,16,0.425213057,0.220883194,0.356081149,0.157143233,0.228482719,0.175374135,0.501717189,0.22583872
0.5,23,53,29,6,0.205574215,0.171374091,0.141178938,0.063454829,0.095360791,0.15997405,0.216974256,0.289982658
0.8,33,51,10,8,0.196014284,0.176531267,0.131362558,0.112394111,0.106483927,0.172649955,0.20725454,0.337632586
0.5,35,43,5,12,0.245507642,0.166923954,0.175091587,0.146303556,0.144071012,0.153719215,0.278690559,0.290369544
0.8,24,59,29,3,0.202889018,0.172560617,0.120276155,0.079356168,0.099781496,0.163471202,0.214668151,0.317551509
0.9,22,56,7,9,0.209119859,0.215707645,0.163241136,0.165641068,0.158015514,0.224029038,0.214337091,0.424947237
0.5,25,59,19,2,0.217297899,0.185084937,0.132698032,0.100543678,0.098561319,0.17755978,0.228774784,0.326375847
0.3,27,48,7,15,0.253658237,0.232413412,0.193803054,0.175978892,0.176839593,0.232696597,0.262804068,0.405194584
0.1,29,43,17,3,0.245516375,0.148921889,0.17197118,0.097851875,0.121775251,0.118688249,0.277714537,0.22576102
0.1,36,44,10,2,0.25945167,0.15896636,0.181811058,0.102147677,0.130077354,0.132186235,0.292946773,0.247278693
0.7,26,53,28,19,0.146275728,0.142649935,0.097681123,0.061609947,0.077092533,0.141441337,0.148732701,0.272126978
0.6,22,44,21,8,0.254591381,0.19116384,0.183540478,0.113134257,0.140309498,0.172194246,0.281389017,0.294472347
0.8,30,59,16,10,0.233604934,0.170824241,0.141866169,0.068031767,0.091408648,0.155853067,0.254671581,0.331095681
0.6,33,47,8,17,0.226399907,0.200754206,0.174526706,0.173376647,0.157584012,0.199471026,0.242869612,0.337870714
0.9,33,46,19,7,0.210894343,0.160668382,0.143198489,0.106595272,0.109169201,0.149871684,0.231303586,0.277214677
0.3,25,54,5,4,0.186385503,0.224219037,0.191543678,0.276439542,0.214729158,0.236830215,0.173877377,0.450534759
0.8,24,54,26,3,0.169412855,0.174495387,0.129044872,0.126285019,0.117820423,0.179211525,0.169674954,0.371217429
0.5,27,43,18,7,0.263846971,0.193210503,0.188518808,0.119662223,0.143178706,0.171310512,0.292611057,0.283489798
0.2,22,45,1,2,0.235362835,0.289337489,0.227496624,0.38611572,0.251176587,0.312308215,0.220150488,0.486791877
0.9,35,51,15,19,0.167776322,0.156179509,0.102481586,0.072190423,0.076006706,0.157397749,0.179227782,0.352146205
0.5,28,51,10,10,0.184263577,0.188817178,0.132082119,0.116086415,0.116961715,0.190335046,0.1873148,0.32352091
0.8,25,51,29,16,0.212227594,0.162967359,0.144383968,0.078125754,0.093510495,0.152033948,0.228647673,0.267678968
0.1,27,48,27,6,0.183280258,0.142799383,0.106142995,0.04457679,0.075689737,0.129305757,0.196773883,0.247132565
0.6,22,41,24,10,0.304863917,0.189478929,0.226399731,0.078347699,0.152170039,0.151017266,0.343325579,0.225714412
0.2,37,41,24,9,0.37267533,0.191324943,0.302031237,0.081856958,0.191454524,0.13231751,0.433125459,0.203480487
0.5,22,56,25,4,0.183311412,0.166576512,0.103761342,0.069518742,0.077638875,0.160998211,0.188889713,0.301249166
0.8,38,46,28,3,0.193336296,0.147116124,0.117036393,0.056175889,0.077325022,0.1317094,0.20874302,0.223381988
0.3,22,46,12,9,0.219575764,0.150358335,0.151437752,0.107952026,0.109127595,0.14264945,0.243832241,0.278984816
0.9,25,52,6,6,0.234050367,0.23753438,0.185374706,0.192695456,0.185622477,0.241123157,0.241856942,0.422635046
0.6,22,54,17,16,0.259169121,0.20149103,0.192896185,0.137387109,0.131917405,0.191389921,0.280394503,0.382568506
0.4,20,51,13,1,0.160104382,0.15826304,0.129408949,0.100565487,0.106159433,0.157862181,0.163258123,0.287302146
0.5,33,47,17,19,0.201179313,0.13733433,0.124325868,0.063328408,0.072957531,0.12137391,0.223109726,0.257928671
0.3,35,58,14,14,0.226479901,0.168554858,0.134111467,0.082803335,0.098713152,0.157506211,0.248731115,0.319493299
0.9,31,52,24,1,0.196267635,0.153171666,0.12955402,0.084949523,0.087494165,0.138857964,0.210632958,0.300858735
0.9,29,41,12,7,0.336191923,0.196211845,0.262507515,0.108781197,0.173966878,0.14955182,0.382851949,0.236596451
0.5,30,51,6,12,0.170422634,0.15838821,0.115959565,0.12315319,0.107324273,0.154376735,0.174434109,0.323617841
0.4,39,46,2,11,0.178519157,0.13056685,0.113026215,0.077013176,0.079009459,0.116306673,0.19450326,0.290143205
0.3,37,55,14,5,0.232046642,0.193664486,0.173589147,0.097630481,0.131597024,0.184788746,0.247451215,0.345783158
0.6,30,59,21,14,0.173667374,0.159855229,0.09425447,0.065604586,0.073609575,0.156053141,0.180566805,0.341509735
0.7,25,54,26,8,0.14731789,0.145821894,0.092564609,0.055704786,0.063687416,0.147125483,0.147816556,0.284852661
0.1,25,43,22,11,0.285702129,0.190568839,0.207108569,0.068106386,0.142127237,0.158857743,0.317413226,0.231550817
0.2,22,58,7,1,0.226380167,0.234402963,0.199635428,0.190916919,0.18971983,0.238412593,0.228566178,0.355271818
0.8,27,56,10,2,0.256174606,0.229969495,0.210148872,0.188956055,0.188332515,0.222386836,0.272662509,0.366684727
0.8,33,41,28,17,0.325173796,0.1699917,0.255511686,0.076653332,0.16152153,0.124503997,0.376901161,0.208188742
0.6,32,54,12,14,0.218747686,0.16319332,0.159168517,0.104051659,0.120274933,0.148119828,0.241129441,0.284267518
0.7,27,44,7,8,0.276109301,0.205880862,0.200798393,0.116626924,0.153714054,0.182471382,0.306975095,0.264304341
0.1,31,53,5,14,0.238691933,0.211568692,0.178857265,0.164487152,0.159977809,0.205712507,0.249828352,0.415308552
0.6,28,56,28,12,0.244459603,0.162594827,0.145021606,0.059172394,0.093437324,0.141802886,0.271747861,0.332630342
0.9,29,42,27,14,0.314829323,0.191006433,0.236148538,0.08242212,0.155490591,0.152497526,0.35610362,0.232320755
0.9,26,56,13,16,0.2570305,0.203100836,0.169645584,0.090441486,0.127090357,0.186847283,0.279953929,0.351758981
0.3,32,41,7,16,0.322029478,0.19534353,0.250269667,0.128893866,0.170192609,0.1681452,0.368975691,0.261861472
0.2,29,40,15,18,0.363204342,0.19630165,0.294216072,0.097656614,0.192350878,0.143210738,0.418838572,0.238957451
0.4,38,59,28,9,0.296191198,0.195159787,0.213910497,0.098634857,0.149168036,0.16148265,0.329868334,0.305639755
0.5,22,43,13,9,0.275872234,0.190674396,0.19798192,0.106745619,0.139481223,0.171636094,0.307418519,0.301054985
0.5,29,54,2,16,0.331532889,0.351903779,0.325311648,0.382275825,0.317742076,0.358694076,0.324742592,0.572174308
0.3,29,48,11,18,0.197420361,0.159300006,0.131758726,0.098718702,0.109377459,0.149192483,0.213101264,0.28268522
0.3,34,49,16,2,0.205563747,0.169345402,0.13396098,0.090514724,0.097785478,0.164743543,0.220380331,0.302529183
0.4,38,59,25,2,0.228684093,0.158368992,0.154015852,0.075777986,0.102360741,0.138788013,0.252122461,0.300012963
0.2,21,44,16,10,0.255838468,0.177839842,0.18476588,0.120122098,0.130646102,0.162393686,0.286126449,0.287429773
0.6,25,40,12,1,0.318547901,0.187324146,0.242678789,0.088570743,0.162278252,0.154935582,0.365342187,0.246950518
0.7,24,50,9,4,0.193062042,0.175977228,0.147893039,0.140090116,0.124854049,0.175313906,0.200124559,0.308051676
0.3,32,46,16,6,0.211872823,0.165340085,0.133454184,0.078393757,0.095448744,0.152447115,0.230293273,0.261365681
0.7,39,54,22,7,0.202980592,0.174316158,0.142979515,0.08655964,0.104469028,0.168854682,0.212544442,0.317629525
0.1,28,49,7,4,0.17032992,0.170914638,0.124259503,0.123047945,0.11230438,0.17180669,0.173098484,0.335168037
0.7,24,40,10,8,0.32822815,0.176599818,0.257105947,0.099732508,0.161475295,0.144930804,0.379091011,0.261133352
0.1,27,50,7,18,0.28281061,0.250937158,0.229693681,0.163351201,0.197730696,0.242467108,0.293435094,0.300252624
0.2,30,50,27,3,0.202412699,0.166022009,0.1391532,0.087402516,0.109066654,0.155727615,0.216192964,0.293800614
0.8,31,41,15,2,0.304441186,0.168403784,0.228383473,0.058406718,0.14355277,0.128212509,0.349786987,0.213691142
0.8,32,53,23,10,0.174263535,0.144757041,0.11081303,0.054238544,0.076114435,0.134921543,0.184099033,0.273184121
0.3,24,55,29,10,0.140555588,0.137368399,0.105428754,0.09046121,0.092749972,0.136842507,0.142760442,0.287885968
0.6,28,49,12,19,0.255655558,0.207880852,0.183785225,0.111177241,0.140361033,0.199608986,0.278785027,0.272204175
0.7,24,44,21,7,0.256460299,0.179742607,0.179489437,0.080289775,0.125473672,0.155542952,0.288427506,0.259810455
0.7,23,51,13,13,0.211317855,0.192332453,0.152975076,0.141339722,0.13360372,0.186003985,0.217646322,0.332210492
0.2,23,42,20,14,0.26922602,0.15768088,0.201236788,0.082121597,0.129327391,0.127378139,0.306584667,0.222054404
0.1,28,40,26,13,0.335778032,0.164549561,0.270061203,0.06413806,0.168282539,0.117154237,0.392854189,0.170571376
0.3,22,55,11,11,0.194479792,0.178903581,0.14509352,0.080937173,0.108073618,0.175103913,0.199671863,0.322716744
0.7,37,54,18,3,0.178730508,0.169482069,0.135477481,0.11713123,0.106763878,0.169219392,0.182121209,0.302789048
0.1,32,40,19,18,0.387787179,0.189814058,0.323248521,0.084889961,0.205280363,0.130372683,0.453778219,0.205395955
0.4,34,59,27,12,0.249562902,0.171200969,0.149367285,0.076560674,0.101116421,0.155296748,0.277446229,0.353089741
0.8,28,40,26,0,0.340584931,0.176039995,0.27040271,0.079841004,0.170448799,0.13418579,0.395433243,0.222762578
0.1,26,50,28,15,0.19652111,0.164315991,0.136955116,0.094699757,0.103202529,0.156416379,0.214109909,0.294787891
0.5,22,52,3,0,0.269463537,0.274801273,0.23739429,0.229329718,0.226733697,0.276580519,0.267684291,0.37745098
0.3,24,53,26,15,0.178012877,0.169183711,0.122466534,0.089929575,0.099074995,0.166541993,0.187314333,0.319146176
0.1,31,58,14,10,0.243801172,0.194479121,0.156697869,0.120422742,0.129190542,0.179935776,0.262547408,0.359479054
0.7,39,52,6,13,0.141863174,0.140497903,0.096272059,0.096273455,0.079354494,0.142801353,0.14444933,0.31753309
0.8,25,45,29,3,0.240506288,0.154690696,0.162879551,0.061967089,0.103282926,0.133526411,0.269111485,0.234490812
0.8,31,54,29,4,0.179613209,0.159875828,0.125884763,0.072992306,0.1016241,0.153687282,0.188226872,0.275285248
0.4,39,48,20,11,0.182013422,0.149575212,0.115352707,0.041606072,0.074928936,0.140466905,0.192826158,0.259664948
0.1,29,49,9,19,0.156818053,0.144948161,0.104834074,0.084774857,0.08610665,0.14099153,0.160774684,0.26885954
0.1,34,49,20,16,0.180706626,0.165421438,0.118565083,0.107705962,0.105376474,0.162087175,0.191587216,0.307180122
0.7,26,42,25,10,0.283720772,0.167722766,0.208519821,0.099300766,0.129734984,0.142559265,0.326394469,0.246593621
0.6,28,44,24,8,0.249759642,0.159882057,0.169832105,0.081472545,0.109911828,0.140592177,0.280378682,0.257155762
0.3,32,58,17,17,0.220112628,0.179640625,0.132918488,0.093700899,0.112191539,0.175207112,0.238853384,0.342294295
0.8,21,50,26,14,0.202346748,0.163434734,0.143629133,0.086196217,0.0952939,0.158369755,0.219481705,0.276935428
0.3,25,54,12,19,0.174816171,0.148875749,0.119599038,0.103355328,0.088775381,0.144765297,0.184940478,0.309383264
0.3,39,41,6,9,0.435885198,0.220074845,0.371000667,0.116530817,0.242700292,0.15188559,0.507821982,0.206893119
0.5,31,41,22,13,0.332704352,0.187045305,0.25975727,0.082868752,0.167046199,0.149730586,0.382293256,0.23335085
0.2,38,52,25,8,0.16820868,0.147843934,0.101882802,0.032762347,0.063619227,0.141055685,0.174996929,0.269581488
0.2,33,54,4,15,0.23413741,0.224109025,0.19247544,0.220341493,0.172166687,0.22076623,0.237480205,0.398853219
0.7,27,48,13,4,0.205346851,0.172583087,0.135918758,0.102011463,0.109465826,0.161661832,0.216268105,0.298887386
0.9,26,42,15,14,0.309261896,0.205764159,0.233112204,0.107968028,0.162458446,0.179351654,0.345253932,0.237737722
0.8,20,57,5,3,0.211048596,0.191947328,0.136471392,0.11041953,0.119732688,0.188527633,0.222906494,0.386376022
0.2,31,54,6,1,0.20104028,0.201802587,0.175017643,0.168995681,0.170619057,0.207074224,0.204616883,0.350800696
0.6,37,40,3,6,0.432232414,0.211318317,0.369938832,0.132967222,0.237171193,0.153337122,0.506695837,0.202454941
0.8,26,55,23,14,0.213030645,0.188178969,0.158018622,0.096789679,0.114540698,0.183364372,0.221314537,0.321898205
0.8,20,57,1,0,0.441035989,0.491531082,0.416008656,0.528176911,0.419194924,0.518714388,0.436970742,0.652777778
0.5,24,54,22,2,0.211873275,0.176436177,0.158654523,0.079318742,0.119279517,0.167180199,0.223685641,0.300330445
0.4,38,44,19,4,0.222615157,0.155187857,0.139706378,0.071425106,0.091524893,0.13271209,0.245090924,0.270323583
0.9,32,44,12,7,0.279306289,0.179918863,0.202309165,0.090753099,0.137910935,0.155362319,0.312435431,0.245195337
0.3,30,43,13,15,0.259911725,0.189674444,0.181184826,0.098050496,0.135859301,0.168778488,0.287487934,0.283563769
0.3,35,45,18,4,0.211275631,0.157241995,0.128936021,0.080943869,0.089971951,0.144995858,0.229286842,0.252742457
0.7,39,44,28,17,0.210123919,0.135440575,0.133723305,0.038893996,0.08065145,0.110644117,0.235018367,0.227650239
0.8,27,47,4,4,0.197099164,0.19294512,0.147789097,0.194210053,0.150884737,0.19858335,0.21204284,0.31284781
0.8,38,51,23,16,0.158982961,0.145079796,0.093205844,0.052589984,0.061672746,0.140445408,0.16361735,0.288225619
0.6,27,58,22,15,0.216457272,0.169597118,0.127574429,0.086975877,0.098753668,0.164852727,0.232941767,0.367616265
0.8,25,50,4,11,0.270692865,0.264963065,0.225726144,0.242707837,0.225292646,0.26737729,0.2727424,0.422185818
0.5,35,41,28,16,0.346181485,0.1780506,0.277917209,0.079243501,0.17650592,0.126800229,0.402225114,0.214328606
0.8,36,56,15,1,0.246660265,0.192900049,0.160997184,0.0766727,0.108778767,0.182470269,0.27035249,0.315531307
0.8,23,45,5,5,0.253073816,0.200284646,0.198246799,0.242818833,0.178699055,0.209479276,0.275461335,0.337549237
0.4,39,46,24,16,0.179092895,0.140158611,0.105338985,0.041537173,0.065056941,0.12721548,0.19207099,0.256430487
0.7,27,43,26,13,0.267838629,0.160773169,0.191161568,0.08170555,0.121109066,0.131030497,0.303527116,0.241338027
0.2,30,52,11,15,0.219553191,0.185880804,0.166549961,0.149239982,0.127196462,0.180415952,0.234335402,0.359495053
0.2,24,42,19,7,0.282994222,0.177245111,0.202247762,0.078354785,0.131708344,0.141995408,0.318243925,0.244868835
0.6,34,54,3,0,0.275487265,0.237369523,0.220037339,0.194288583,0.187373665,0.225123234,0.291268671,0.437810945
0.4,28,43,1,12,0.306057515,0.283596957,0.245053083,0.242957238,0.250454918,0.305096669,0.329391046,0.376038478
0.2,21,56,9,2,0.163829601,0.162694321,0.097009908,0.10794669,0.094846656,0.162315895,0.164208028,0.384215287
0.1,26,49,16,15,0.183348877,0.166788608,0.115103205,0.101239122,0.104685691,0.167421087,0.195999794,0.327511462
0.6,31,49,10,5,0.179506666,0.146012435,0.12030269,0.099102741,0.099359852,0.143558529,0.193257334,0.303764956
0.2,34,54,18,7,0.208450827,0.162296522,0.150123715,0.096296872,0.101182132,0.150917658,0.225602912,0.317770493
0.8,33,47,26,10,0.201498528,0.15154976,0.128229914,0.069440471,0.084918898,0.138845113,0.218148117,0.262372546
0.2,39,49,10,17,0.149293917,0.14634796,0.096151876,0.084708822,0.078602383,0.145365975,0.150275903,0.266639289
0.5,26,43,14,12,0.242231352,0.179756082,0.163552147,0.10113679,0.123003683,0.165156363,0.270063177,0.2748615
0.6,22,43,23,14,0.244778357,0.154732751,0.172512372,0.102264513,0.123702646,0.134089594,0.279411627,0.253181883
0.9,27,50,21,7,0.154905274,0.126815682,0.088526243,0.07515706,0.060741935,0.118266187,0.167132514,0.290922048
0.3,35,47,13,4,0.203882608,0.162151173,0.128353386,0.058561484,0.087639024,0.148240694,0.217793087,0.261862876
0.4,25,43,9,0,0.271742651,0.194900941,0.196843676,0.087221022,0.136093552,0.175535912,0.299543561,0.270887797
0.8,36,59,24,6,0.283123919,0.188741286,0.190509517,0.089612231,0.12330934,0.163004167,0.31701553,0.354577743
0.4,35,44,5,11,0.221488379,0.130465773,0.145701925,0.08100657,0.094754727,0.114149731,0.251829248,0.2249242
0.1,22,58,8,9,0.231279572,0.242605833,0.170821652,0.193658183,0.165250472,0.246381253,0.227504151,0.400406736
0.1,35,50,9,19,0.235132832,0.192472791,0.156852569,0.086192189,0.114407399,0.178252777,0.249352846,0.312308521
0.7,38,51,23,16,0.164410077,0.143991771,0.09557624,0.042704798,0.066676767,0.139336002,0.171216179,0.270647777
0.4,30,47,17,18,0.21492065,0.15858578,0.139277446,0.077142396,0.092255898,0.142870434,0.23369894,0.238571635
0.4,32,43,22,0,0.281169953,0.180943083,0.203479442,0.084095732,0.13887786,0.147534127,0.314578909,0.230261726
0.7,21,54,19,4,0.186410601,0.198876756,0.140864017,0.134861028,0.124067371,0.203032141,0.182688585,0.372585325
0.2,38,52,6,19,0.180906599,0.173466731,0.135503148,0.091459153,0.098135924,0.171262117,0.183386555,0.287152566
0.2,32,54,4,9,0.172417914,0.157376762,0.135742289,0.117582461,0.11812949,0.152755635,0.177431631,0.286144578
0.1,32,52,18,14,0.194886724,0.177939891,0.141511284,0.100908664,0.100978208,0.175322407,0.202286178,0.302459524
0.6,26,56,8,10,0.294544754,0.21254639,0.20102079,0.098600505,0.144595566,0.193281423,0.322076246,0.379007416
0.6,20,47,29,16,0.22932387,0.163807903,0.1602999,0.090002655,0.106894658,0.150448552,0.253801785,0.276141015
0.4,32,43,23,19,0.280884593,0.17296317,0.202583329,0.06661226,0.132434238,0.14486103,0.3168584,0.242496589
0.2,22,46,3,19,0.284063762,0.295251324,0.264903998,0.312797713,0.254988045,0.305150465,0.280703876,0.441273061
0.4,27,57,18,17,0.203048135,0.172298257,0.126773991,0.090224306,0.098041534,0.167224503,0.213298095,0.317212689
0.1,23,56,12,14,0.2030308,0.161976554,0.140554109,0.098132542,0.098936791,0.154296267,0.217760163,0.312285667
0.7,25,57,22,5,0.233815043,0.198301969,0.151679081,0.083358468,0.119161643,0.186823475,0.24966894,0.341169128
0.4,38,49,5,8,0.18451226,0.170252088,0.136846016,0.098672273,0.109633421,0.170975163,0.191335611,0.289017701
0.1,31,42,18,5,0.296034078,0.166218856,0.221054955,0.061875807,0.139411027,0.139295353,0.339305819,0.218742875
0.3,21,55,12,5,0.205764033,0.188765586,0.149265435,0.149422935,0.125484379,0.191662391,0.217267655,0.401282535
0.2,31,43,3,17,0.266455203,0.221147457,0.201685497,0.177474609,0.178964463,0.209163782,0.287356816,0.341408774
0.7,35,52,15,8,0.170892424,0.143944152,0.121707305,0.080712097,0.092236556,0.14144052,0.183492101,0.281108922
0.4,34,52,15,3,0.175447791,0.154174884,0.118651919,0.058780004,0.080938002,0.149570898,0.185530336,0.284676812
0.4,22,54,27,3,0.139425683,0.136937429,0.087887171,0.06875013,0.06834111,0.138210683,0.142194774,0.311184522
0.8,25,59,6,0,0.321725721,0.260202119,0.220085957,0.207915501,0.185402882,0.250248307,0.346870291,0.490998445
0.4,29,57,17,13,0.198290749,0.171040784,0.105018639,0.095113532,0.088761683,0.165261541,0.211930628,0.350778733
0.2,30,58,21,0,0.23520171,0.189069532,0.152704484,0.097526059,0.11988965,0.176865633,0.250579103,0.368141705
0.1,39,44,1,3,0.224184489,0.244982614,0.175634752,0.225376012,0.179565006,0.258178806,0.2419895,0.499310978
0.2,34,41,25,0,0.340264581,0.165539045,0.272373107,0.073585278,0.167021294,0.10769822,0.398506426,0.196693964
0.9,39,56,16,9,0.244986222,0.176207617,0.150859773,0.079481444,0.098608975,0.165591367,0.268603788,0.353130975
0.5,22,45,1,9,0.484541669,0.379004485,0.423682784,0.295232376,0.352400219,0.343825424,0.535844888,0.546716004
0.6,28,54,13,15,0.169689904,0.174033027,0.129267989,0.135668854,0.119589332,0.17703883,0.170890464,0.348154213
0.8,23,43,25,12,0.271047428,0.164974626,0.192589152,0.07315234,0.121851747,0.136922048,0.307034945,0.242771504
0.7,24,46,16,10,0.224196648,0.153718108,0.153883802,0.078601139,0.095616825,0.142087891,0.25238421,0.264901967
0.7,34,54,17,2,0.168288326,0.139476727,0.12152553,0.071268665,0.086439166,0.134435582,0.178404069,0.30972087
0.6,39,45,9,11,0.203279189,0.161403332,0.123203506,0.074282253,0.091507214,0.147733845,0.217237808,0.259033699
0.3,30,46,23,3,0.223546237,0.168815963,0.144270482,0.051930177,0.099004048,0.150572539,0.241789661,0.266521977
0.8,39,59,14,15,0.286151335,0.195972298,0.200274113,0.114803681,0.140092047,0.174253586,0.317094955,0.349119972
0.8,24,46,11,16,0.18792173,0.142012535,0.1405418,0.095941914,0.105690376,0.129013093,0.204782022,0.283629614
0.7,25,46,15,7,0.235215343,0.165482947,0.16164057,0.114388552,0.121601528,0.163020841,0.263738455,0.306451613
0.9,38,51,22,18,0.144056296,0.147150604,0.102278934,0.085318492,0.080858909,0.149443071,0.14549306,0.291726038
0.1,39,45,29,14,0.20489888,0.154703188,0.127958677,0.044864279,0.083389534,0.137971291,0.221630777,0.237160989
0.6,39,58,15,10,0.219248222,0.142613291,0.142878268,0.048503792,0.081886843,0.122218962,0.244793199,0.313015502
0.6,25,40,18,17,0.318139302,0.166834193,0.242838325,0.093983876,0.161215394,0.117430167,0.368574339,0.215575039
0.3,28,40,24,12,0.327795748,0.178136369,0.263111996,0.087010513,0.164408501,0.147402365,0.382283449,0.225766879
0.4,34,52,12,4,0.189912972,0.169813261,0.1328641,0.08577156,0.102199652,0.167705023,0.200233539,0.328129528
0.2,33,50,14,13,0.169595451,0.149742943,0.110458962,0.095346335,0.089316983,0.144432084,0.176212954,0.268262343
0.8,21,50,11,15,0.160114762,0.145182287,0.114472988,0.098932617,0.101750962,0.142383723,0.165877122,0.295354269
0.7,23,46,27,17,0.237120634,0.171493098,0.165494453,0.067763782,0.112732384,0.154051377,0.261025915,0.253143623
0.1,37,43,14,9,0.24189796,0.165915645,0.163242609,0.089169662,0.113387494,0.144657563,0.270312211,0.258933917
0.6,30,54,19,5,0.175470927,0.149430701,0.126064881,0.091704569,0.090482151,0.147189401,0.186213693,0.30806606
0.7,36,43,20,4,0.262575328,0.169441364,0.184088117,0.08713562,0.129429798,0.142837219,0.293619983,0.255832173
0.7,33,45,13,19,0.24172332,0.189681019,0.167371455,0.088689732,0.1290862,0.174985738,0.268003277,0.260194723
0.7,21,40,1,7,0.46641522,0.3875413,0.403938092,0.33024033,0.36163812,0.361249994,0.503379222,0.530253025
0.3,21,45,21,0,0.26341443,0.177922821,0.191049396,0.084216894,0.124862684,0.157017443,0.292645951,0.278058008
0.4,25,47,18,0,0.228653581,0.1556872,0.156393719,0.066649018,0.09979906,0.131365073,0.252975708,0.255749878
0.2,24,46,24,19,0.231026751,0.156745967,0.160556498,0.108544232,0.117548717,0.137500173,0.256914512,0.250702512
0.5,24,55,18,7,0.18136726,0.17195199,0.132834958,0.091252003,0.103096437,0.169487132,0.187161862,0.291955699
0.1,24,59,2,16,0.267197424,0.278368321,0.250024421,0.350215868,0.262982461,0.2858349,0.269045105,0.452208106
0.5,30,45,5,12,0.212050124,0.175958604,0.148267859,0.123393565,0.122020678,0.16499738,0.226789251,0.305202662
0.6,20,44,23,14,0.289213441,0.186536135,0.216075607,0.107175402,0.140340048,0.166434862,0.328915139,0.28433669
0.7,20,51,26,11,0.181464271,0.15837601,0.126403271,0.073423002,0.08756632,0.150679923,0.189160358,0.275466174
0.6,26,51,3,19,0.257251694,0.244672934,0.235897527,0.249625319,0.21231837,0.243900086,0.262616853,0.359676097
0.5,33,45,20,9,0.238134032,0.156756492,0.16163388,0.076494,0.106327692,0.134896859,0.266014859,0.24141321
0.8,39,40,5,6,0.47942572,0.204361867,0.42354567,0.102968745,0.264137265,0.112673916,0.571113671,0.149825143
0.4,23,59,15,19,0.191705169,0.178083785,0.127807152,0.097465862,0.105139475,0.177202689,0.201498475,0.350557119
0.9,26,51,1,19,0.306276116,0.337537716,0.26029832,0.271208982,0.259544247,0.352950849,0.297885388,0.449685535
0.8,20,51,9,17,0.160211717,0.142217662,0.111310744,0.111703963,0.100928229,0.136219643,0.166209736,0.301767744
0.5,34,50,24,7,0.190059928,0.145616763,0.123522849,0.062186548,0.078021635,0.13181393,0.204874317,0.256402863
0.1,39,56,20,5,0.226169382,0.170098395,0.136779953,0.089822559,0.091767711,0.157795966,0.251867986,0.330999359
0.3,27,58,14,0,0.171293617,0.159685348,0.14128655,0.150390724,0.131011701,0.155815926,0.175163039,0.324309597
0.1,37,52,29,9,0.170739586,0.148739346,0.123942819,0.066947465,0.087347927,0.142694253,0.178073,0.263915441
0.2,25,54,18,8,0.184372063,0.183610664,0.138806854,0.117842252,0.114684937,0.184820644,0.190014967,0.330726654
0.5,25,48,21,10,0.18572421,0.146083805,0.124114271,0.063140375,0.089746641,0.133967102,0.198937678,0.268974342
0.7,38,44,12,13,0.218998222,0.15240833,0.138234463,0.0837148,0.094340599,0.135859182,0.241194853,0.262951164
0.2,28,53,16,4,0.153017219,0.144737625,0.099523841,0.102888505,0.087591262,0.145223356,0.157866006,0.293022549
0.3,27,45,15,13,0.251583121,0.181727034,0.16930884,0.077322863,0.11632534,0.165356768,0.274868483,0.262394611
0.6,21,54,20,3,0.198554069,0.181911326,0.141686646,0.138054272,0.112499625,0.184674273,0.206742637,0.362835485
0.8,38,40,21,15,0.453891717,0.201305368,0.396073107,0.097779422,0.249330251,0.117109919,0.538087166,0.153353872
0.6,35,58,16,4,0.273532797,0.204615802,0.185637291,0.099738037,0.133536129,0.18164347,0.296505129,0.322713499
0.8,30,48,16,17,0.224063537,0.161082014,0.147531964,0.087813852,0.095329332,0.145788041,0.246610948,0.298557201
0.4,20,45,5,13,0.345535989,0.307792854,0.282506337,0.273010942,0.255569328,0.295211808,0.358117034,0.39907234
0.7,28,43,7,1,0.267664979,0.198265136,0.187730505,0.146121381,0.147506866,0.181654568,0.29079826,0.307679152
0.8,21,49,4,1,0.268140451,0.245080719,0.220858849,0.198764261,0.197699156,0.237394142,0.27939934,0.463807579
0.1,28,59,4,13,0.323236189,0.315284889,0.243465237,0.261533813,0.231104866,0.314943709,0.335417803,0.533916178
0.3,30,42,18,17,0.288020756,0.180128954,0.212862251,0.074021244,0.143234544,0.14416502,0.32398469,0.215552306
0.3,38,58,12,14,0.290329768,0.196113494,0.207771669,0.090678012,0.141258291,0.172353339,0.32346685,0.34983961
0.7,37,55,28,1,0.200915268,0.169171861,0.148163447,0.070880078,0.104043467,0.158590725,0.211496404,0.311787052
0.9,24,45,16,0,0.214076475,0.165484861,0.151749143,0.10345659,0.113621876,0.159715065,0.234976646,0.294583477
0.1,23,52,16,18,0.17227421,0.173960151,0.118181167,0.114719,0.106286491,0.174522131,0.171712229,0.30399955
0.6,29,49,24,3,0.196093147,0.146169411,0.123404869,0.058137,0.084506769,0.136348208,0.212807653,0.276539278
0.7,28,57,24,5,0.224136679,0.171773324,0.140180762,0.075680307,0.098589477,0.158761502,0.243634662,0.314886838
0.5,36,45,14,4,0.231024429,0.164752178,0.153417461,0.076312651,0.100504592,0.153444201,0.255471516,0.255981971
0.9,24,45,16,10,0.237176539,0.175711683,0.163300404,0.074189036,0.112787412,0.155861147,0.257664824,0.243538911
0.5,27,56,4,12,0.260240798,0.284700978,0.226678444,0.279942018,0.238719289,0.295443733,0.258299009,0.396563418
0.9,39,57,28,19,0.26669533,0.184166893,0.172679952,0.061286709,0.115771544,0.156657414,0.294204809,0.321809604
0.5,28,59,17,11,0.205573652,0.182209194,0.136208051,0.136468626,0.121175501,0.179153597,0.214831349,0.358096978
0.6,35,58,21,8,0.242330119,0.181372904,0.14824045,0.077673421,0.106115299,0.162004442,0.262649191,0.307504333
0.8,27,52,3,19,0.330780977,0.345350221,0.292885761,0.293909552,0.290969627,0.350206636,0.325924562,0.516321764
0.7,36,42,14,18,0.277703758,0.159417678,0.203576688,0.079587834,0.139855883,0.127587053,0.31815579,0.237866118
0.7,26,44,5,17,0.257156198,0.228868682,0.219089912,0.202073535,0.199138573,0.21943951,0.26724285,0.248863255
0.2,36,44,21,13,0.22596934,0.147539229,0.150068407,0.078398724,0.096387945,0.123345337,0.252112711,0.224567788
0.1,26,47,22,14,0.199571149,0.151836635,0.121042887,0.052724186,0.08178275,0.140104725,0.215482654,0.25976026
0.2,37,41,9,19,0.375133774,0.184236367,0.3072563,0.100963105,0.192085071,0.126464692,0.438766243,0.235482949
0.9,25,59,3,7,0.240777095,0.243797974,0.196326295,0.248745597,0.206827613,0.248258246,0.243487593,0.454360539
0.2,30,44,10,12,0.226524744,0.154313252,0.147465537,0.08413374,0.100291816,0.135038506,0.2535924,0.263439864
0.8,21,41,19,17,0.301625227,0.179257398,0.224835516,0.078404232,0.145131643,0.156225143,0.342414504,0.235847518
0.8,33,41,1,2,0.423898588,0.320041552,0.364203338,0.20575409,0.297359368,0.28542254,0.465565013,0.26977334
0.2,20,55,25,3,0.143272036,0.156517683,0.115477345,0.075384692,0.084822862,0.161227419,0.14114174,0.305015237
0.5,31,53,10,9,0.167067393,0.171414164,0.130409727,0.11531882,0.113253163,0.173652093,0.169374794,0.292751163
0.1,33,52,22,9,0.193844257,0.153419721,0.128584523,0.046270234,0.081178126,0.139944876,0.207319103,0.276434202
0.8,27,40,14,11,0.328567927,0.176359897,0.253829214,0.066530952,0.161366006,0.128577727,0.379303937,0.217439741
0.6,21,41,15,5,0.285943252,0.176795273,0.208041989,0.087651449,0.138912059,0.140412614,0.322325911,0.232987805
0.3,35,45,13,18,0.221460941,0.155902604,0.145695006,0.128370012,0.118174998,0.151173824,0.248841505,0.257067649
0.3,25,55,29,4,0.179241135,0.172716468,0.130262718,0.120446633,0.108944296,0.174531052,0.181416024,0.349235312
0.7,35,56,24,4,0.252310803,0.193312655,0.168128456,0.108092288,0.122345275,0.181417759,0.272327866,0.323852943
0.6,26,48,23,15,0.197184174,0.14631764,0.125965401,0.102685166,0.084521108,0.134661942,0.216765519,0.301123895
0.5,39,55,24,17,0.178009403,0.151798269,0.122317752,0.064649812,0.084351082,0.146104378,0.187596284,0.321880201
0.9,21,54,11,6,0.195622958,0.215196539,0.150202484,0.14583468,0.137471156,0.22435752,0.189612916,0.389566784
0.6,30,54,23,1,0.192868587,0.163640663,0.137899667,0.088538239,0.098086998,0.155330815,0.202611228,0.309393994
0.6,29,52,7,5,0.194462029,0.18257055,0.168767261,0.152326987,0.16004639,0.186452109,0.204785664,0.335049887
0.9,34,49,16,11,0.183062489,0.143802152,0.114021136,0.073529163,0.090425139,0.133459537,0.196320088,0.259396235
0.3,38,40,1,7,0.407588275,0.27819495,0.37037068,0.229437116,0.293532052,0.235063842,0.465511662,0.319860733
0.2,21,59,21,6,0.144775294,0.139535789,0.075174148,0.059705551,0.065638869,0.137789287,0.146521796,0.327640231
0.6,31,46,10,0,0.231919693,0.174991609,0.154360269,0.094232197,0.108331545,0.159137775,0.250895721,0.269072636
0.5,30,43,6,15,0.266177978,0.184429577,0.189815721,0.123978397,0.141786308,0.168952131,0.301935974,0.275276676
0.8,32,57,23,7,0.230418473,0.178064107,0.143975517,0.105351832,0.113776742,0.16407552,0.24999064,0.343268
0.1,30,48,18,1,0.197779426,0.144033362,0.127162668,0.066914564,0.081374215,0.127660513,0.21569478,0.245401366
0.7,22,47,9,0,0.218741648,0.182805759,0.160330408,0.077349198,0.122372998,0.170827129,0.233606572,0.288012939
0.9,38,44,12,4,0.227358716,0.158596916,0.149271541,0.093315615,0.11146408,0.135908847,0.250279317,0.24238582
0.3,26,53,6,5,0.134007696,0.147820942,0.136793565,0.129598646,0.132899143,0.154176938,0.133348106,0.283082206
0.2,39,49,14,6,0.144307088,0.154231384,0.068097421,0.052574553,0.053334955,0.158774656,0.142678799,0.280552279
0.6,38,40,18,19,0.445321446,0.195092802,0.388055675,0.097395006,0.243265974,0.119832019,0.528730994,0.175275198
0.7,34,53,24,11,0.207169836,0.155080293,0.148233026,0.060884517,0.092285572,0.141475943,0.226265811,0.308556294
0.8,20,52,17,3,0.212729129,0.17012628,0.150151332,0.073921097,0.106956327,0.15592533,0.226930079,0.282140413
0.7,26,44,12,9,0.214107447,0.168931183,0.159951063,0.137508657,0.133845162,0.16090799,0.230153304,0.273415339
0.3,31,45,2,2,0.277866693,0.295048583,0.233546018,0.273660083,0.239991508,0.303188651,0.295934459,0.423304806
0.8,27,55,12,2,0.201587494,0.203164471,0.16291611,0.15377708,0.151688978,0.203875919,0.206742943,0.362103684
0.5,23,42,21,13,0.277702588,0.161090442,0.203035342,0.083780902,0.1316967,0.142384617,0.318115808,0.25522326
0.8,26,44,11,9,0.207915072,0.133358409,0.131607963,0.095902689,0.09727484,0.110596915,0.232767293,0.222532983
0.9,35,51,5,12,0.202840383,0.197877619,0.161465379,0.165806342,0.147765574,0.199537434,0.204606799,0.331202006
0.9,34,44,4,0,0.261267833,0.203370111,0.19062522,0.155461538,0.160907635,0.20767078,0.286456635,0.288572699
0.2,31,42,20,11,0.289280833,0.163490265,0.21277826,0.068573003,0.134051809,0.130214674,0.331211022,0.212784095
0.4,24,40,14,7,0.313009801,0.195739552,0.237792576,0.088964374,0.161934689,0.159783172,0.352099884,0.236871702
0.4,39,51,23,14,0.138960594,0.137171222,0.084891302,0.061135215,0.058618628,0.137635855,0.141177276,0.26866472
0.2,23,52,29,2,0.1693412,0.148049831,0.109433238,0.066897947,0.077841908,0.140952707,0.179105069,0.278866234
0.7,20,59,13,3,0.154278991,0.177360408,0.092375045,0.094375305,0.092615717,0.185054214,0.146585185,0.352905156
0.7,20,54,12,19,0.190805117,0.168506475,0.130735317,0.099271719,0.096774466,0.167404942,0.198506902,0.329242049
0.5,23,45,12,4,0.231361758,0.158675155,0.15664523,0.085111258,0.104477092,0.137422578,0.260278501,0.235489611
0.5,31,44,18,18,0.251782793,0.165359253,0.174161387,0.061430504,0.112982886,0.142918829,0.281237083,0.234552814
0.4,32,58,8,11,0.271829323,0.166021546,0.178854597,0.087625915,0.107458182,0.142605803,0.309631889,0.360419397
0.7,39,59,10,16,0.298447725,0.202722947,0.214759677,0.112023273,0.156842384,0.179466355,0.340674537,0.400527558
0.8,23,53,25,11,0.192030134,0.167707478,0.128495393,0.085572475,0.094984505,0.167193893,0.202525037,0.340133007
0.3,31,46,22,1,0.192537311,0.140949262,0.121933456,0.075169983,0.088680182,0.125910603,0.211510597,0.22947237
0.5,25,54,24,1,0.151035715,0.14230423,0.107741333,0.087108096,0.092081724,0.142474297,0.155011609,0.321253767
0.6,23,45,15,0,0.243038381,0.181040342,0.175223433,0.090847321,0.123207136,0.16079926,0.263704394,0.244721305
0.2,23,57,10,10,0.21763046,0.183973951,0.146545478,0.102792453,0.120057725,0.174335768,0.233039753,0.354756137
0.8,36,52,10,2,0.229970352,0.1987505,0.178054749,0.106982661,0.136628801,0.188801608,0.243623707,0.342145977
0.2,34,57,14,18,0.210137623,0.168947791,0.126381027,0.101398412,0.103072656,0.15937346,0.227727161,0.354817922
0.9,22,58,28,10,0.153593725,0.150120419,0.105985765,0.100614855,0.101281191,0.148962651,0.154751494,0.316329755
0.6,38,55,14,4,0.141245905,0.141832783,0.110049535,0.090431622,0.087199407,0.146195048,0.14657674,0.332255617
0.4,28,58,25,5,0.181011797,0.168162613,0.105011537,0.076275426,0.081126324,0.164525887,0.189545817,0.328732367
0.4,28,59,12,3,0.23332538,0.210318952,0.172910812,0.108522391,0.133559971,0.202650143,0.240994189,0.325514403
0.5,36,41,22,6,0.379395476,0.190139832,0.314352032,0.089245147,0.2006955,0.13543787,0.442480691,0.194091079
0.9,21,43,16,14,0.259104565,0.175107836,0.185812649,0.093133359,0.133143503,0.151761842,0.287103475,0.259348542
0.9,34,43,7,13,0.283490032,0.198408086,0.202230422,0.09623758,0.140777809,0.177548604,0.312972155,0.290127103
0.1,21,58,4,12,0.281244037,0.261405434,0.182178421,0.177932626,0.1583578,0.254792567,0.287856905,0.413585882
0.8,21,53,4,10,0.1780018,0.182251534,0.141212018,0.160839987,0.13653517,0.183668112,0.176585222,0.323454766
0.9,22,47,13,8,0.177458447,0.129427346,0.111512833,0.045038596,0.064359564,0.117448814,0.193468814,0.264912791
0.4,25,40,24,16,0.333791431,0.190052836,0.255764784,0.073803012,0.16953955,0.142139971,0.381704296,0.205977255
0.5,20,47,17,9,0.227850984,0.158879386,0.155718713,0.072252936,0.097709774,0.146345762,0.253422067,0.26362921
0.7,35,59,7,14,0.197459663,0.194139264,0.142008262,0.146828804,0.140546187,0.19874766,0.201738857,0.378926172
0.6,39,50,23,5,0.136501821,0.130526767,0.066022214,0.034815235,0.04415494,0.129768852,0.140513783,0.263991253
0.6,25,55,2,5,0.248244629,0.270399433,0.215132906,0.309231326,0.222938473,0.277784367,0.241485079,0.561407709
0.2,23,56,4,3,0.283525806,0.279765747,0.209683449,0.237187295,0.20726273,0.278851183,0.289424339,0.448499417
0.3,26,59,17,15,0.21804691,0.201871224,0.142882274,0.106333312,0.117678711,0.20186163,0.229985316,0.372041394
0.9,24,59,5,6,0.229261879,0.236481906,0.193722363,0.231628818,0.186865164,0.238888582,0.226855203,0.439278151
0.1,26,46,2,3,0.39921196,0.455606096,0.385034755,0.55617577,0.425446761,0.478673441,0.382529324,0.586462268
0.1,31,44,10,1,0.262159603,0.203801858,0.189349158,0.126052197,0.150847059,0.185998044,0.28630593,0.292423218
0.3,32,41,16,7,0.329622523,0.16474504,0.258451304,0.096118795,0.157838341,0.121771263,0.384581684,0.223091216
0.4,27,52,14,10,0.174660054,0.139939384,0.105563116,0.061121285,0.075429853,0.13700498,0.186664425,0.29987678
0.3,28,56,17,3,0.197241704,0.142786753,0.106799439,0.070509895,0.070138233,0.127730358,0.216140279,0.31071828
0.7,28,54,22,19,0.180913536,0.162311,0.119712416,0.096527385,0.099392116,0.158277124,0.187114381,0.306171055
0.1,26,47,24,4,0.198626789,0.166584643,0.129614175,0.100312801,0.105153691,0.159682303,0.211323213,0.284155687
0.8,26,40,1,12,0.406801006,0.357738292,0.340924329,0.309668827,0.32360192,0.346063383,0.433600937,0.44716924
0.7,35,54,4,13,0.300962616,0.255721769,0.242078488,0.189334833,0.199539323,0.249580685,0.322346933,0.372915945
0.2,34,44,2,3,0.26729532,0.246849557,0.213596978,0.197302993,0.197353286,0.241273284,0.278484893,0.302663076
0.7,29,55,26,18,0.209133931,0.17080008,0.148789042,0.058224688,0.098444947,0.15802213,0.221911881,0.311357469
0.6,29,45,25,14,0.237802458,0.161858635,0.159147592,0.05616945,0.103627526,0.138537991,0.263117066,0.229610354
0.6,22,46,17,17,0.2595954,0.183793996,0.189218027,0.097706657,0.133145801,0.170906936,0.284945802,0.297475839
0.6,28,57,12,4,0.217096847,0.1967828,0.134394739,0.106902015,0.108620865,0.192363632,0.226926874,0.324176997
0.4,30,58,11,12,0.19592583,0.177560722,0.132350797,0.140707255,0.126422542,0.174597674,0.204509948,0.373158272
0.2,37,40,6,3,0.409247114,0.162551269,0.350250099,0.100949931,0.207480869,0.103150703,0.491479062,0.16714077
0.7,21,53,8,0,0.282768465,0.279448271,0.238343391,0.226930013,0.218534606,0.279785434,0.287630217,0.425670668
0.5,30,44,27,2,0.262308956,0.181377769,0.181876939,0.063236479,0.125042129,0.154400706,0.289286019,0.254626298
0.2,23,45,3,2,0.280840178,0.237484873,0.236030886,0.281677557,0.215175351,0.242721889,0.306473377,0.36605476
0.7,22,58,2,12,0.469768023,0.453703559,0.407892126,0.465046511,0.402357862,0.454560851,0.476912543,0.642054311
0.4,31,41,15,14,0.325197684,0.171715939,0.255674833,0.08020048,0.157754068,0.130777671,0.379512993,0.214253454
0.3,30,52,8,9,0.170418848,0.182144861,0.146631331,0.208781706,0.152182665,0.186053532,0.166510177,0.393983612
0.5,25,40,19,6,0.306618827,0.171442062,0.231209388,0.102307592,0.147897897,0.128370164,0.351677749,0.208912562
0.3,24,58,29,19,0.195222426,0.171464723,0.112247786,0.085560356,0.086553899,0.164789972,0.205389737,0.331008651
0.6,20,47,27,17,0.240572601,0.170297327,0.175073891,0.055039738,0.109675053,0.150744269,0.267868664,0.261109016
0.6,32,46,14,1,0.254138854,0.166323173,0.178213432,0.068974699,0.118188386,0.146353901,0.283410748,0.268314363
0.9,36,57,11,19,0.318170098,0.219876373,0.225212966,0.103726403,0.165600086,0.187981833,0.350934673,0.32479062
0.1,31,41,10,10,0.339179533,0.16018004,0.273643512,0.109755825,0.17216768,0.127333332,0.398846031,0.225937458
0.1,21,45,13,1,0.170186085,0.127496273,0.117841256,0.072026816,0.093746896,0.121047498,0.189088442,0.221219386
0.6,32,58,11,8,0.244060608,0.193347026,0.153223752,0.10999788,0.12783124,0.183471333,0.266334338,0.373357505
0.4,37,45,12,5,0.214628255,0.164932558,0.132160757,0.094695483,0.09861063,0.158245066,0.232246144,0.278691878
0.5,35,40,6,6,0.36825237,0.191610947,0.304736763,0.146844708,0.20041013,0.146330299,0.431050522,0.237992111
0.7,32,40,3,10,0.386320429,0.254500282,0.323579675,0.171228472,0.244247202,0.21121035,0.436870317,0.302746381
